insert into departamento values(1,'DOMESTICOS');
insert into departamento values(2,'ELECTRONICA ');
insert into departamento values(3,'MUEBLE SUELTO');
insert into departamento values(4,'SALAS,RECAMARAS,COMEDORES');

insert into clase (id,num,name,departamento_id) values(1,1,'COMESTIBLE',1);
insert into clase (id,num,name,departamento_id) values(2,2,'LICUADORA',1);
insert into clase (id,num,name,departamento_id) values(3,3,'BATIDORAS',1);
insert into clase (id,num,name,departamento_id) values(4,4,'CAFETERAS',1);
insert into clase (id,num,name,departamento_id) values(5,1,'AMPLIFICADORES CAR AUDIO',2);
insert into clase (id,num,name,departamento_id) values(6,2,'AUTO STEREOS',2);
insert into clase (id,num,name,departamento_id) values(7,1,'COLCHON',3);
insert into clase (id,num,name,departamento_id) values(8,2,'JUEGO BOX',3);
insert into clase (id,num,name,departamento_id) values(9,1,'SALAS',4);
insert into clase (id,num,name,departamento_id) values(10,2,'COMPLEMENTOS PARA SALA',4);
insert into clase (id,num,name,departamento_id) values(11,3,'SOFAS CAMA',4);

insert into familia (id,num,name,clase_id) values(1,00,'SIN NOMBRE',1);
insert into familia (id,num,name,clase_id) values(2,01,'LICUADORAS',2);
insert into familia (id,num,name,clase_id) values(3,02,'EXCLUSIVO COPPEL.COM',2);
insert into familia (id,num,name,clase_id) values(4,01,'BATIDORA MANUAL',3);
insert into familia (id,num,name,clase_id) values(5,02,'PROCESADOR',3);
insert into familia (id,num,name,clase_id) values(6,03,'PICADORA',3);
insert into familia (id,num,name,clase_id) values(7,04,'BATIDORA PEDESTAL',3);
insert into familia (id,num,name,clase_id) values(8,05,'BATIDORA FUENTE DE SOL',3);
insert into familia (id,num,name,clase_id) values(9,06,'MULTIPRACTICOS',3);
insert into familia (id,num,name,clase_id) values(10,07,'EXCLUSIVOS COPPEL.COM',3);
insert into familia (id,num,name,clase_id) values(11,01,'CAFETERAS',4);
insert into familia (id,num,name,clase_id) values(12,02,'PERCOLADORAS',4);
insert into familia (id,num,name,clase_id) values(13,01,'AMPLIFICADOR/RECEPTOR',5);
insert into familia (id,num,name,clase_id) values(14,02,'KIT DE INSTALACION',5);
insert into familia (id,num,name,clase_id) values(15,03,'AMPLIFIICADORES COPPEL',5);
insert into familia (id,num,name,clase_id) values(16,04,'AUTOESTEREO CD',6);
insert into familia (id,num,name,clase_id) values(17,02,'ACCESORIOS CAR AUDIO',6);
insert into familia (id,num,name,clase_id) values(18,03,'AMPLIFICADOR',6);
insert into familia (id,num,name,clase_id) values(19,04,'ALARMA/AUTO/CASA/OFICINA',6);
insert into familia (id,num,name,clase_id) values(20,05,'SIN MECANISMO',6);
insert into familia (id,num,name,clase_id) values(21,06,'CON CD',6);
insert into familia (id,num,name,clase_id) values(22,07,'MULTIMEDIA',6);
insert into familia (id,num,name,clase_id) values(23,08,'PAQUETE SIN MECANISMO',6);
insert into familia (id,num,name,clase_id) values(24,09,'PAQUETE CON CD',6);
insert into familia (id,num,name,clase_id) values(25,01,'PILLOW TOP KS',7);
insert into familia (id,num,name,clase_id) values(26,02,'PILLOW TOP DOBLE KS',7);
insert into familia (id,num,name,clase_id) values(27,03,'HULE ESPUMA KS',7);
insert into familia (id,num,name,clase_id) values(28,01,'ESTANDAR INDIVIDUAL',8);
insert into familia (id,num,name,clase_id) values(29,02,'PILLOW TOP INDIVIDUAL',8);
insert into familia (id,num,name,clase_id) values(30,03,'PILLOW TOP DOBLE INDIVIDUAL',8);
insert into familia (id,num,name,clase_id) values(31,01,'ESQUINERAS SUPERIORES',9);
insert into familia (id,num,name,clase_id) values(32,02,'TIPO L SECCIONAL',9);
insert into familia (id,num,name,clase_id) values(33,01,'SILLON OCASIONAL',10);
insert into familia (id,num,name,clase_id) values(34,02,'PUFF',10);
insert into familia (id,num,name,clase_id) values(35,03,'BAUL',10);
insert into familia (id,num,name,clase_id) values(36,04,'TABURETE',10);
insert into familia (id,num,name,clase_id) values(37,01,'SOFA CAMA TAPIZADO',11);
insert into familia (id,num,name,clase_id) values(38,02,'SOFACAMA CLASICO',11);
insert into familia (id,num,name,clase_id) values(39,03,'ESTUDIO',11);
